dataset,std_mean,std_std,enh_mean,enh_std,wilcoxon_p,time
oliver30,430.26765995604666,3.8872996290126123,423.98587848407794,0.36191770551496977,0.00390625,11.131520748138428
